{
    "EPE": 2.0502542846535654,
    "P1_error": 0.35681251893565913
}