{
    "EPE": 2.212152513091024,
    "P1_error": 0.38167763649053377,
    "PSNR": 18.99280688267415,
    "Trans_Error": 0.0828640972366353,
    "Airlight_Error": 0.06504340959358886
}